rank,company,employees,previousrank,revenues,revenuechange,profits,profitschange,assets,marketvalue
1,Walmart,"2,300,000",1,"$485,873.00 ",0.80%,"$13,643.00 ",-7.20%,"$198,825.00 ","$218,619.00 "
2,Berkshire Hathaway,"367,700",4,"$223,604.00 ",6.10%,"$24,074.00 ",0.00%,"$620,854.00 ","$411,035.00 "
3,Apple,"116,000",3,"$215,639.00 ",-7.70%,"$45,687.00 ",-14.40%,"$321,686.00 ","$753,718.00 "
4,Exxon Mobil,"72,700",2,"$205,004.00 ",-16.70%,"$7,840.00 ",-51.50%,"$330,314.00 ","$340,056.00 "
5,McKesson,"68,000",5,"$192,487.00 ",6.20%,"$2,258.00 ",53.00%,"$56,563.00 ","$31,439.00 "
6,UnitedHealth Group,"230,000",6,"$184,840.00 ",17.70%,"$7,017.00 ",20.70%,"$122,810.00 ","$157,793.00 "
7,CVS Health,"204,000",7,"$177,526.00 ",15.80%,"$5,317.00 ",1.50%,"$94,462.00 ","$81,310.00 "
8,General Motors,"225,000",8,"$166,380.00 ",9.20%,"$9,427.00 ",-2.70%,"$221,690.00 ","$52,968.00 "
9,AT&T,"268,540",10,"$163,786.00 ",11.60%,"$12,976.00 ",-2.80%,"$403,821.00 ","$255,679.00 "
10,Ford Motor,"201,000",9,"$151,800.00 ",1.50%,"$4,596.00 ",-37.70%,"$237,951.00 ","$46,349.00 "
11,AmerisourceBergen,"18,500",12,"$146,850.00 ",8.00%,"$1,427.90 ",-,"$33,656.00 ","$19,229.00 "
12,Amazon.com,"341,400",18,"$135,987.00 ",27.10%,"$2,371.00 ",297.80%,"$83,402.00 ","$423,031.00 "
13,General Electric,"295,000",11,"$126,661.00 ",-9.80%,"$8,831.00 ",-,"$365,183.00 ","$259,520.00 "
14,Verizon,"160,900",13,"$125,980.00 ",-4.30%,"$13,127.00 ",-26.60%,"$244,180.00 ","$198,900.00 "
15,Cardinal Health,"37,300",21,"$121,546.00 ",18.50%,"$1,427.00 ",17.40%,"$34,122.00 ","$25,725.00 "
16,Costco,"172,000",15,"$118,719.00 ",2.20%,"$2,350.00 ",-1.10%,"$33,163.00 ","$73,606.00 "
17,Walgreens Boots Alliance,"300,000",19,"$117,351.00 ",13.40%,"$4,173.00 ",-1.10%,"$72,688.00 ","$89,645.00 "
18,Kroger,"443,000",17,"$115,337.00 ",5.00%,"$1,975.00 ",-3.10%,"$36,505.00 ","$26,961.00 "
19,Chevron,"55,200",14,"$107,567.00 ",-18.00%,($497.00),-110.80%,"$260,078.00 ","$203,263.00 "
20,Fannie Mae,"7,000",16,"$107,162.00 ",-2.90%,"$12,313.00 ",12.40%,"$3,287,968.00 ","$3,011.00 "
21,J.P. Morgan Chase,"243,355",23,"$105,486.00 ",4.40%,"$24,733.00 ",1.20%,"$2,490,972.00 ","$313,761.00 "
22,Express Scripts Holding,"25,600",22,"$100,288.00 ",-1.40%,"$3,404.40 ",37.50%,"$51,745.00 ","$39,567.00 "
23,Home Depot,"406,000",28,"$94,595.00 ",6.90%,"$7,957.00 ",13.50%,"$42,966.00 ","$176,368.00 "
24,Boeing,"150,540",24,"$94,571.00 ",-1.60%,"$4,895.00 ",-5.40%,"$89,997.00 ","$107,546.00 "
25,Wells Fargo,"269,100",27,"$94,176.00 ",4.60%,"$21,938.00 ",-4.20%,"$1,930,115.00 ","$278,516.00 "
26,Bank of America Corp.,"208,024",26,"$93,662.00 ",0.70%,"$17,906.00 ",12.70%,"$2,187,702.00 ","$236,182.00 "
27,Alphabet,"72,053",36,"$90,272.00 ",20.40%,"$19,478.00 ",19.10%,"$167,497.00 ","$579,426.00 "
28,Microsoft,"114,000",25,"$85,320.00 ",-8.80%,"$16,798.00 ",37.80%,"$193,694.00 ","$508,935.00 "
29,Anthem,"53,000",33,"$84,863.00 ",7.20%,"$2,469.80 ",-3.50%,"$65,083.00 ","$43,813.00 "
30,Citigroup,"219,000",29,"$82,386.00 ",-6.70%,"$14,912.00 ",-13.50%,"$1,792,077.00 ","$165,394.00 "
31,Comcast,"159,000",37,"$80,403.00 ",7.90%,"$8,695.00 ",6.50%,"$180,500.00 ","$178,258.00 "
32,IBM,"414,400",31,"$79,919.00 ",-3.10%,"$11,872.00 ",-10.00%,"$117,470.00 ","$164,251.00 "
33,State Farm Insurance Cos.,"68,234",35,"$76,132.00 ",0.60%,$350.30 ,-94.40%,"$256,030.00 ",-
34,Phillips 66,"14,800",30,"$72,396.00 ",-16.90%,"$1,555.00 ",-63.20%,"$51,653.00 ","$40,954.00 "
35,Johnson & Johnson,"126,400",39,"$71,890.00 ",2.60%,"$16,540.00 ",7.30%,"$141,208.00 ","$337,642.00 "
36,Procter & Gamble,"105,000",34,"$71,726.00 ",-8.90%,"$10,508.00 ",49.30%,"$127,136.00 ","$229,700.00 "
37,Valero Energy,"9,996",32,"$70,166.00 ",-14.20%,"$2,289.00 ",-42.60%,"$46,173.00 ","$29,746.00 "
38,Target,"323,000",38,"$69,495.00 ",-5.80%,"$2,737.00 ",-18.60%,"$37,431.00 ","$30,502.00 "
39,Freddie Mac,"5,982",43,"$65,665.00 ",3.40%,"$7,815.00 ",22.60%,"$2,023,376.00 ","$1,612.00 "
40,Lowe,"240,000",47,"$65,017.00 ",10.10%,"$3,093.00 ",21.50%,"$34,408.00 ","$70,481.00 "
41,Dell Technologies,"138,000",,"$64,806.00 ",18.10%,"($1,672.00)",-,"$118,206.00 ",-
42,MetLife,"58,000",40,"$63,476.00 ",-9.30%,$800.00 ,-84.90%,"$898,764.00 ","$57,429.00 "
43,Aetna,"49,500",46,"$63,155.00 ",4.70%,"$2,271.00 ",-5.00%,"$69,146.00 ","$44,859.00 "
44,PepsiCo,"264,000",44,"$62,799.00 ",-0.40%,"$6,329.00 ",16.10%,"$74,129.00 ","$159,763.00 "
45,Archer Daniels Midland,"31,800",41,"$62,346.00 ",-7.90%,"$1,279.00 ",-30.80%,"$39,769.00 ","$26,274.00 "
46,UPS,"335,520",48,"$60,906.00 ",4.40%,"$3,431.00 ",-29.20%,"$40,377.00 ","$93,276.00 "
47,Intel,"106,000",51,"$59,387.00 ",7.30%,"$10,316.00 ",-9.70%,"$113,327.00 ","$170,539.00 "
48,Prudential Financial,"49,739",50,"$58,779.00 ",2.90%,"$4,368.00 ",-22.60%,"$783,962.00 ","$45,912.00 "
49,Albertsons Cos.,"274,000",,"$58,734.00 ",115.90%,($502.20),-,"$23,770.00 ",-
50,United Technologies,"201,600",45,"$57,244.00 ",-6.20%,"$5,055.00 ",-33.60%,"$89,706.00 ","$89,957.00 "
51,Marathon Petroleum,"44,460",42,"$55,858.00 ",-13.50%,"$1,174.00 ",-58.80%,"$44,413.00 ","$26,679.00 "
52,Disney,"195,000",53,"$55,632.00 ",6.00%,"$9,391.00 ",12.00%,"$92,033.00 ","$179,298.00 "
53,Humana,"51,600",52,"$54,379.00 ",0.20%,$614.00 ,-51.90%,"$25,396.00 ","$29,743.00 "
54,Pfizer,"96,500",55,"$52,824.00 ",8.10%,"$7,215.00 ",3.70%,"$171,615.00 ","$203,725.00 "
55,AIG,"56,400",49,"$52,367.00 ",-10.20%,($849.00),-138.70%,"$498,264.00 ","$61,154.00 "
56,Lockheed Martin,"97,000",60,"$50,658.00 ",9.80%,"$5,302.00 ",47.10%,"$47,806.00 ","$77,557.00 "
57,Sysco,"51,900",57,"$50,367.00 ",3.50%,$949.60 ,38.30%,"$16,722.00 ","$28,048.00 "
58,FedEx,"335,767",58,"$50,365.00 ",6.10%,"$1,820.00 ",73.30%,"$46,064.00 ","$52,178.00 "
59,Hewlett Packard Enterprise,"195,000",,"$50,123.00 ",-,"$3,161.00 ",-,"$79,679.00 ","$39,288.00 "
60,Cisco Systems,"73,700",54,"$49,247.00 ",0.20%,"$10,739.00 ",19.60%,"$121,652.00 ","$169,266.00 "
61,HP,"49,000",20,"$48,238.00 ",-53.30%,"$2,496.00 ",-45.20%,"$29,010.00 ","$30,231.00 "
62,Dow Chemical,"56,000",56,"$48,158.00 ",-1.30%,"$4,318.00 ",-43.80%,"$79,511.00 ","$77,460.00 "
63,HCA Holdings,"210,500",63,"$44,747.00 ",2.70%,"$2,890.00 ",35.70%,"$33,758.00 ","$32,966.00 "
64,Coca-Cola,"100,300",62,"$41,863.00 ",-5.50%,"$6,527.00 ",-11.20%,"$87,270.00 ","$182,153.00 "
65,New York Life Insurance,"11,320",61,"$40,787.00 ",-11.10%,"$1,088.10 ",324.10%,"$287,196.00 ",-
66,Centene,"30,500",124,"$40,721.00 ",78.60%,$562.00 ,58.30%,"$20,197.00 ","$12,271.00 "
67,American Airlines Group,"122,300",67,"$40,180.00 ",-2.00%,"$2,676.00 ",-64.80%,"$51,274.00 ","$21,326.00 "
68,Nationwide,"34,320",69,"$40,074.00 ",-0.40%,$334.30 ,-42.40%,"$197,790.00 ",-
69,Merck,"68,000",72,"$39,807.00 ",0.80%,"$3,920.00 ",-11.80%,"$95,377.00 ","$174,454.00 "
70,Cigna,"41,000",79,"$39,668.00 ",4.70%,"$1,867.00 ",-10.80%,"$59,360.00 ","$37,604.00 "
71,Delta Air Lines,"83,756",68,"$39,639.00 ",-2.60%,"$4,373.00 ",-3.40%,"$51,261.00 ","$33,586.00 "
72,Best Buy,"125,000",71,"$39,403.00 ",-0.90%,"$1,228.00 ",36.90%,"$13,856.00 ","$15,193.00 "
73,Honeywell International,"131,000",75,"$39,302.00 ",1.90%,"$4,809.00 ",0.90%,"$54,146.00 ","$94,991.00 "
74,Caterpillar,"95,400",59,"$38,537.00 ",-18.00%,($67.00),-103.20%,"$74,704.00 ","$54,402.00 "
75,Liberty Mutual Insurance Group,"50,000",73,"$38,308.00 ",-2.90%,"$1,006.00 ",95.70%,"$125,592.00 ",-
76,Morgan Stanley,"55,311",78,"$37,949.00 ",0.10%,"$5,979.00 ",-2.40%,"$814,949.00 ","$79,947.00 "
77,Massachusetts Mutual Life Insurance,"11,737",76,"$37,788.00 ",-1.20%,"$1,273.50 ",-10.60%,"$271,040.00 ",-
78,Goldman Sachs Group,"34,400",74,"$37,712.00 ",-3.80%,"$7,398.00 ",21.60%,"$860,165.00 ","$91,380.00 "
79,Energy Transfer Equity,"30,992",65,"$37,504.00 ",-11.00%,$995.00 ,-16.30%,"$79,011.00 ","$21,292.00 "
80,TIAA,"12,997",82,"$37,105.00 ",5.50%,"$1,492.30 ",22.90%,"$523,194.00 ",-
81,Oracle,"136,000",77,"$37,047.00 ",-3.10%,"$8,901.00 ",-10.40%,"$112,180.00 ","$183,556.00 "
82,Tyson Foods,"114,000",66,"$36,881.00 ",-10.90%,"$1,768.00 ",44.90%,"$22,373.00 ","$22,028.00 "
83,United Continental Holdings,"88,000",80,"$36,556.00 ",-3.50%,"$2,263.00 ",-69.20%,"$40,140.00 ","$22,225.00 "
84,Allstate,"43,275",81,"$36,534.00 ",2.50%,"$1,877.00 ",-13.50%,"$108,610.00 ","$29,754.00 "
85,Publix Super Markets,"191,000",87,"$34,274.00 ",5.10%,"$2,025.70 ",3.10%,"$17,464.00 ",-
86,American Express,"56,400",85,"$33,823.00 ",-1.80%,"$5,408.00 ",4.70%,"$158,893.00 ","$71,193.00 "
87,TJX,"235,000",89,"$33,184.00 ",7.20%,"$2,298.20 ",0.90%,"$12,884.00 ","$51,053.00 "
88,Nike,"70,700",91,"$32,376.00 ",5.80%,"$3,760.00 ",14.90%,"$21,396.00 ","$92,204.00 "
89,Exelon,"34,396",95,"$31,360.00 ",6.50%,"$1,134.00 ",-50.00%,"$114,904.00 ","$33,309.00 "
90,General Dynamics,"98,800",88,"$31,353.00 ",-0.40%,"$2,955.00 ",-0.30%,"$32,872.00 ","$56,791.00 "
91,Rite Aid,"70,580",107,"$30,737.00 ",15.90%,$165.50 ,-92.20%,"$11,277.00 ","$4,473.00 "
92,Gilead Sciences,"9,000",86,"$30,390.00 ",-6.90%,"$13,501.00 ",-25.40%,"$56,977.00 ","$88,788.00 "
93,CHS,"12,157",84,"$30,347.00 ",-12.20%,$424.20 ,-45.70%,"$17,318.00 ",-
94,3M,"91,584",93,"$30,109.00 ",-0.50%,"$5,050.00 ",4.50%,"$32,906.00 ","$114,338.00 "
95,Time Warner,"25,000",99,"$29,318.00 ",4.30%,"$3,926.00 ",2.40%,"$65,966.00 ","$75,660.00 "
96,Charter Communications,"91,500",292,"$29,003.00 ",197.30%,"$3,522.00 ",-,"$149,067.00 ","$100,595.00 "
97,Northwestern Mutual,"5,646",100,"$28,799.00 ",2.40%,$818.00 ,0.40%,"$250,441.00 ",-
98,Facebook,"17,048",157,"$27,638.00 ",54.20%,"$10,217.00 ",177.00%,"$64,961.00 ","$410,522.00 "
99,Travelers Cos.,"30,900",105,"$27,625.00 ",3.10%,"$3,014.00 ",-12.40%,"$100,245.00 ","$33,689.00 "
100,Capital One Financial,"47,300",112,"$27,519.00 ",9.60%,"$3,751.00 ",-7.40%,"$357,033.00 ","$41,831.00 "
101,Twenty-First Century Fox,"21,500",96,"$27,326.00 ",-5.70%,"$2,755.00 ",-66.80%,"$48,365.00 ","$59,949.00 "
102,USAA,"29,943",114,"$27,131.00 ",11.40%,"$1,779.10 ",-21.70%,"$147,290.00 ",-
103,World Fuel Services,"5,000",92,"$27,016.00 ",-11.10%,$126.50 ,-27.50%,"$5,413.00 ","$2,535.00 "
104,Philip Morris International,"79,500",106,"$26,685.00 ",-0.40%,"$6,967.00 ",1.40%,"$36,851.00 ","$175,349.00 "
105,Deere,"56,767",97,"$26,644.00 ",-7.70%,"$1,523.90 ",-21.40%,"$57,981.00 ","$34,648.00 "
106,Kraft Heinz,"41,000",153,"$26,487.00 ",44.40%,"$3,632.00 ",472.90%,"$120,480.00 ","$110,528.00 "
107,Tech Data,"9,500",108,"$26,235.00 ",-0.50%,$195.10 ,-26.60%,"$7,932.00 ","$3,569.00 "
108,Avnet,"17,700",102,"$26,219.00 ",-6.10%,$506.50 ,-11.40%,"$11,240.00 ","$5,898.00 "
109,Mondelez International,"90,000",102,"$25,923.00 ",-12.50%,"$1,659.00 ",-77.20%,"$61,538.00 ","$65,676.00 "
110,Macy,"148,300",103,"$25,778.00 ",-4.80%,$619.00 ,-42.30%,"$19,851.00 ","$9,046.00 "
111,AbbVie,"30,000",123,"$25,638.00 ",12.20%,"$5,953.00 ",15.70%,"$66,099.00 ","$103,838.00 "
112,McDonald,"375,000",109,"$24,622.00 ",-3.10%,"$4,686.50 ",3.50%,"$31,024.00 ","$106,150.00 "
113,DuPont,"46,000",101,"$24,594.00 ",-12.00%,"$2,513.00 ",28.70%,"$39,964.00 ","$69,451.00 "
114,Northrop Grumman,"67,000",118,"$24,508.00 ",4.20%,"$2,200.00 ",10.60%,"$25,614.00 ","$41,577.00 "
115,ConocoPhillips,"13,300",90,"$24,360.00 ",-21.30%,"($3,615.00)",-,"$89,772.00 ","$61,692.00 "
116,Raytheon,"63,000",120,"$24,069.00 ",3.50%,"$2,211.00 ",6.60%,"$30,052.00 ","$44,664.00 "
117,Tesoro,"6,308",98,"$24,005.00 ",-14.70%,$734.00 ,-52.30%,"$20,398.00 ","$9,515.00 "
118,Arrow Electronics,"18,700",119,"$23,825.00 ",2.30%,$522.80 ,5.00%,"$14,206.00 ","$6,546.00 "
119,Qualcomm,"30,500",110,"$23,554.00 ",-6.80%,"$5,705.00 ",8.20%,"$52,359.00 ","$84,694.00 "
120,Progressive,"31,721",137,"$23,441.00 ",12.40%,"$1,031.00 ",-18.70%,"$33,428.00 ","$22,760.00 "
121,Duke Energy,"28,798",115,"$23,369.00 ",-1.00%,"$2,152.00 ",-23.60%,"$132,761.00 ","$57,397.00 "
122,Enterprise Products Partners,"6,800",104,"$23,022.00 ",-14.80%,"$2,513.10 ",-0.30%,"$52,194.00 ","$58,522.00 "
123,Amgen,"19,200",130,"$22,991.00 ",6.10%,"$7,722.00 ",11.30%,"$77,626.00 ","$120,830.00 "
124,US Foods Holding,"25,000",122,"$22,919.00 ",-0.90%,$209.80 ,25.20%,"$8,945.00 ","$6,207.00 "
125,U.S. Bancorp,"71,191",131,"$22,744.00 ",5.80%,"$5,888.00 ",0.20%,"$445,964.00 ","$87,201.00 "
126,Aflac,"10,212",135,"$22,559.00 ",8.10%,"$2,659.00 ",5.00%,"$129,819.00 ","$29,053.00 "
127,Sears Holdings,"140,000",111,"$22,138.00 ",-12.00%,"($2,221.00)",-,"$9,362.00 ","$1,231.00 "
128,Dollar General,"121,000",139,"$21,987.00 ",7.90%,"$1,251.10 ",7.40%,"$11,672.00 ","$19,182.00 "
129,AutoNation,"26,000",136,"$21,609.00 ",3.60%,$430.50 ,-2.70%,"$10,060.00 ","$4,268.00 "
130,Community Health Systems,"108,000",125,"$21,374.00 ",-5.80%,"($1,721.00)",-,"$21,944.00 ","$1,010.00 "
131,Starbucks,"254,000",146,"$21,316.00 ",11.20%,"$2,817.70 ",2.20%,"$14,330.00 ","$85,092.00 "
132,Eli Lilly,"41,975",141,"$21,222.00 ",6.30%,"$2,737.60 ",13.70%,"$38,806.00 ","$92,803.00 "
133,International Paper,"55,000",127,"$21,079.00 ",-5.80%,$904.00 ,-3.60%,"$33,345.00 ","$20,884.00 "
134,Tenet Healthcare,"116,475",140,"$21,070.00 ",4.80%,($192.00),-,"$24,701.00 ","$1,777.00 "
135,Abbott Laboratories,"75,000",138,"$20,853.00 ",0.90%,"$1,400.00 ",-68.30%,"$52,666.00 ","$76,740.00 "
136,Dollar Tree,"116,050",180,"$20,719.00 ",33.70%,$896.20 ,217.40%,"$15,702.00 ","$18,540.00 "
137,Whirlpool,"93,000",134,"$20,718.00 ",-0.80%,$888.00 ,13.40%,"$19,153.00 ","$12,762.00 "
138,Southwest Airlines,"53,536",142,"$20,425.00 ",3.10%,"$2,244.00 ",2.90%,"$23,286.00 ","$33,076.00 "
139,Emerson Electric,"103,500",128,"$20,268.00 ",-9.10%,"$1,635.00 ",-39.70%,"$21,743.00 ","$38,614.00 "
140,Staples,"61,503",132,"$20,217.00 ",-4.00%,"($1,497.00)",-494.80%,"$8,271.00 ","$5,723.00 "
141,Plains GP Holdings,"5,100",121,"$20,182.00 ",-12.80%,$94.00 ,-20.30%,"$26,103.00 ","$9,127.00 "
142,Penske Automotive Group,"24,000",143,"$20,143.00 ",4.00%,$342.90 ,5.20%,"$8,861.00 ","$4,001.00 "
143,Union Pacific,"42,919",129,"$19,941.00 ",-8.60%,"$4,233.00 ",-11.30%,"$55,718.00 ","$85,911.00 "
144,Danaher,"62,000",133,"$19,912.00 ",-4.80%,"$2,553.70 ",-23.90%,"$45,295.00 ","$59,359.00 "
145,Southern,"32,015",162,"$19,896.00 ",13.80%,"$2,448.00 ",3.40%,"$109,697.00 ","$49,335.00 "
146,ManpowerGroup,"28,000",144,"$19,654.00 ",1.70%,$443.70 ,5.80%,"$7,574.00 ","$6,938.00 "
147,Bristol-Myers Squibb,"25,000",168,"$19,427.00 ",17.30%,"$4,457.00 ",184.80%,"$33,707.00 ","$89,591.00 "
148,Altria Group,"8,300",149,"$19,337.00 ",2.60%,"$14,239.00 ",171.70%,"$45,932.00 ","$138,513.00 "
149,Fluor,"61,551",155,"$19,037.00 ",5.10%,$281.40 ,-31.80%,"$9,216.00 ","$7,353.00 "
150,Kohl,"85,000",145,"$18,686.00 ",-2.70%,$556.00 ,-17.40%,"$13,574.00 ","$6,862.00 "
151,Lear,"148,400",154,"$18,558.00 ",1.90%,$975.10 ,30.80%,"$9,901.00 ","$9,726.00 "
152,Jabil Circuit,"138,000",158,"$18,353.00 ",2.50%,$254.10 ,-10.50%,"$10,323.00 ","$5,270.00 "
153,Hartford Financial Services Group,"16,900",152,"$18,300.00 ",-0.40%,$896.00 ,-46.70%,"$223,432.00 ","$17,795.00 "
154,Thermo Fisher Scientific,"54,800",164,"$18,274.00 ",7.70%,"$2,021.80 ",2.30%,"$45,908.00 ","$59,964.00 "
155,Kimberly-Clark,"42,000",151,"$18,202.00 ",-2.10%,"$2,166.00 ",113.80%,"$14,602.00 ","$46,828.00 "
156,Molina Healthcare,"21,000",201,"$17,782.00 ",25.40%,$52.00 ,-63.60%,"$7,449.00 ","$2,601.00 "
157,PG&E Corp.,"24,000",166,"$17,666.00 ",4.90%,"$1,393.00 ",59.40%,"$68,598.00 ","$33,696.00 "
158,Supervalu,"38,000",160,"$17,529.00 ",-1.60%,$178.00 ,-7.30%,"$4,370.00 ","$1,033.00 "
159,Cummins,"55,400",148,"$17,509.00 ",-8.40%,"$1,394.00 ",-0.40%,"$15,011.00 ","$25,397.00 "
160,CenturyLink,"40,000",159,"$17,470.00 ",-2.40%,$626.00 ,-28.70%,"$47,017.00 ","$12,883.00 "
161,AECOM,"87,000",156,"$17,411.00 ",-3.20%,$96.10 ,-,"$13,727.00 ","$5,528.00 "
162,Xerox,"133,600",150,"$17,126.00 ",-8.20%,($477.00),-200.60%,"$18,145.00 ","$7,462.00 "
163,Marriott International,"226,500",195,"$17,072.00 ",17.90%,$780.00 ,-9.20%,"$24,140.00 ","$36,124.00 "
164,Paccar,"23,000",147,"$17,033.00 ",-10.90%,$521.70 ,-67.50%,"$20,639.00 ","$23,604.00 "
165,General Mills,"39,000",161,"$16,563.00 ",-6.10%,"$1,697.40 ",39.00%,"$21,712.00 ","$33,998.00 "
166,PNC Financial Services Group,"50,683",171,"$16,423.00 ",0.90%,"$3,903.00 ",-4.90%,"$366,380.00 ","$58,455.00 "
167,American Electric Power,"17,634",165,"$16,380.00 ",-3.10%,$610.90 ,-70.20%,"$63,468.00 ","$33,009.00 "
168,Icahn Enterprises,"90,980",184,"$16,348.00 ",7.00%,"($1,128.00)",-,"$33,335.00 ","$7,989.00 "
169,Nucor,"23,900",170,"$16,208.00 ",-1.40%,$796.30 ,122.60%,"$15,224.00 ","$19,051.00 "
170,NextEra Energy,"14,700",163,"$16,155.00 ",-7.60%,"$2,912.00 ",5.80%,"$89,993.00 ","$60,099.00 "
171,Performance Food Group,"13,000",185,"$16,105.00 ",5.50%,$68.30 ,20.90%,"$3,455.00 ","$2,464.00 "
172,PBF Energy,"3,165",217,"$15,920.00 ",21.30%,$170.80 ,16.70%,"$7,622.00 ","$2,431.00 "
173,Halliburton,"50,000",117,"$15,887.00 ",-32.80%,"($5,763.00)",-,"$27,000.00 ","$42,662.00 "
174,CarMax,"22,429",191,"$15,833.00 ",6.40%,$623.40 ,4.40%,"$14,482.00 ","$11,081.00 "
175,Freeport-McMoRan,"30,000",175,"$15,789.00 ",-0.60%,"($4,154.00)",-,"$37,317.00 ","$19,310.00 "
176,Whole Foods Market,"73,515",181,"$15,724.00 ",2.20%,$507.00 ,-5.40%,"$6,341.00 ","$9,468.00 "
177,Bank of New York Mellon Corp.,"52,000",179,"$15,683.00 ",1.00%,"$3,547.00 ",12.30%,"$333,469.00 ","$48,913.00 "
178,Gap,"135,000",177,"$15,516.00 ",-1.80%,$676.00 ,-26.50%,"$7,610.00 ","$9,712.00 "
179,Omnicom Group,"78,500",186,"$15,417.00 ",1.90%,"$1,148.60 ",5.00%,"$23,165.00 ","$20,219.00 "
180,Genuine Parts,"40,000",183,"$15,340.00 ",0.40%,$687.20 ,-2.60%,"$8,859.00 ","$13,712.00 "
181,DaVita HealthCare Partners,"70,300",200,"$15,197.00 ",6.90%,$879.90 ,226.20%,"$18,741.00 ","$13,227.00 "
182,Colgate-Palmolive,"36,700",174,"$15,195.00 ",-5.20%,"$2,441.00 ",76.40%,"$12,123.00 ","$64,715.00 "
183,PPG Industries,"47,000",182,"$15,178.00 ",-1.00%,$877.00 ,-37.60%,"$15,769.00 ","$26,970.00 "
184,Goodyear Tire & Rubber,"66,000",169,"$15,158.00 ",-7.80%,"$1,264.00 ",311.70%,"$16,511.00 ","$9,070.00 "
185,Synchrony Financial,"15,000",,"$15,122.00 ",11.00%,"$2,251.00 ",1.70%,"$90,207.00 ","$27,810.00 "
186,DISH Network,"16,000",187,"$15,095.00 ",0.20%,"$1,449.90 ",94.10%,"$28,092.00 ","$29,547.00 "
187,Visa,"14,200",204,"$15,082.00 ",8.70%,"$5,991.00 ",-5.30%,"$64,035.00 ","$206,242.00 "
188,Nordstrom,"72,500",197,"$14,757.00 ",2.20%,$354.00 ,-41.00%,"$7,858.00 ","$7,770.00 "
189,INTL FCStone,"1,464",83,"$14,755.00 ",-57.50%,$54.70 ,-1.80%,"$5,951.00 ",$708.00 
190,WestRock,"39,000",251,"$14,706.00 ",29.20%,($396.30),-178.20%,"$23,038.00 ","$13,029.00 "
191,XPO Logistics,"87,000",353,"$14,619.00 ",91.80%,$69.00 ,-,"$11,698.00 ","$5,338.00 "
192,Aramark,"217,250",199,"$14,416.00 ",0.60%,$287.80 ,22.00%,"$10,582.00 ","$9,081.00 "
193,CBS,"18,410",203,"$14,386.00 ",3.60%,"$1,261.00 ",-10.80%,"$24,238.00 ","$28,405.00 "
194,AES,"19,000",190,"$14,287.00 ",-4.50%,"($1,130.00)",-469.30%,"$36,119.00 ","$7,371.00 "
195,WellCare Health Plans,"7,400",202,"$14,237.00 ",2.50%,$242.10 ,104.10%,"$6,153.00 ","$6,212.00 "
196,FirstEnergy,"15,707",188,"$14,156.00 ",-3.10%,"($6,177.00)",-,"$43,148.00 ","$14,118.00 "
197,ConAgra Foods,"20,900",176,"$14,134.00 ",-10.80%,($677.00),-,"$13,391.00 ","$17,557.00 "
198,Synnex,"110,000",212,"$14,062.00 ",5.40%,$234.90 ,12.70%,"$5,223.00 ","$4,469.00 "
199,CDW,"8,516",220,"$13,982.00 ",7.60%,$424.40 ,5.30%,"$6,948.00 ","$9,197.00 "
200,Textron,"36,000",209,"$13,788.00 ",2.70%,$962.00 ,38.00%,"$15,358.00 ","$12,851.00 "
201,Waste Management,"41,200",221,"$13,609.00 ",5.00%,"$1,182.00 ",57.00%,"$20,859.00 ","$32,216.00 "
202,Illinois Tool Works,"50,000",211,"$13,599.00 ",1.40%,"$2,035.00 ",7.20%,"$15,201.00 ","$45,791.00 "
203,Office Depot,"38,000",196,"$13,585.00 ",-6.20%,$529.00 ,-,"$5,540.00 ","$2,402.00 "
204,Monsanto,"22,450",189,"$13,502.00 ",-10.00%,"$1,336.00 ",-42.30%,"$19,736.00 ","$49,644.00 "
205,Cognizant Technology Solutions,"260,200",230,"$13,487.00 ",8.60%,"$1,553.00 ",-4.30%,"$14,262.00 ","$36,226.00 "
206,Texas Instruments,"29,865",219,"$13,370.00 ",2.80%,"$3,595.00 ",20.40%,"$16,431.00 ","$80,531.00 "
207,Lincoln National,"9,057",205,"$13,330.00 ",-1.80%,"$1,192.00 ",3.30%,"$261,627.00 ","$14,760.00 "
208,Newell Brands,"53,400",434,"$13,264.00 ",122.10%,$527.80 ,50.80%,"$33,838.00 ","$22,787.00 "
209,Land O,"10,000",215,"$13,233.00 ",0.60%,$244.90 ,-20.40%,"$8,305.00 ",-
210,Marsh & McLennan,"60,000",222,"$13,211.00 ",2.50%,"$1,768.00 ",10.60%,"$18,190.00 ","$38,078.00 "
211,Ecolab,"47,565",206,"$13,153.00 ",-2.90%,"$1,229.60 ",22.70%,"$18,330.00 ","$36,356.00 "
212,C.H. Robinson Worldwide,"14,125",208,"$13,144.00 ",-2.50%,$513.40 ,0.70%,"$3,688.00 ","$10,958.00 "
213,Loews,"15,800",210,"$13,105.00 ",-2.30%,$654.00 ,151.50%,"$76,594.00 ","$15,747.00 "
214,CBRE Group,"75,000",259,"$13,072.00 ",20.40%,$572.00 ,4.50%,"$10,780.00 ","$11,753.00 "
215,Kinder Morgan,"11,121",198,"$13,058.00 ",-9.30%,$708.00 ,179.80%,"$80,305.00 ","$48,533.00 "
216,Kellogg,"37,369",207,"$13,014.00 ",-3.80%,$694.00 ,13.00%,"$15,111.00 ","$25,417.00 "
217,Western Digital,"72,878",194,"$12,994.00 ",-10.80%,$242.00 ,-83.50%,"$32,862.00 ","$23,775.00 "
218,Guardian Life Ins. Co. of America,"8,876",226,"$12,919.00 ",2.30%,$263.90 ,-35.70%,"$70,339.00 ",-
219,Ross Stores,"78,600",237,"$12,867.00 ",7.80%,"$1,117.70 ",9.50%,"$5,309.00 ","$25,814.00 "
220,L Brands,"59,100",234,"$12,574.00 ",3.50%,"$1,158.10 ",-7.60%,"$8,170.00 ","$13,426.00 "
221,J.C. Penney,"106,000",228,"$12,547.00 ",-0.60%,$1.00 ,-,"$9,314.00 ","$1,901.00 "
222,Farmers Insurance Exchange,"13,309",227,"$12,513.00 ",-0.90%,($147.90),-,"$16,057.00 ",-
223,Reynolds American,"5,525",266,"$12,503.00 ",17.10%,"$6,073.00 ",86.70%,"$51,095.00 ","$89,862.00 "
224,Viacom,"9,650",213,"$12,488.00 ",-5.90%,"$1,438.00 ",-25.20%,"$22,508.00 ","$18,503.00 "
225,Becton Dickinson,"50,928",278,"$12,483.00 ",21.40%,$976.00 ,40.40%,"$25,586.00 ","$39,041.00 "
226,Micron Technology,"31,400",173,"$12,399.00 ",-23.40%,($276.00),-109.50%,"$27,540.00 ","$31,972.00 "
227,Principal Financial,"14,854",236,"$12,394.00 ",3.60%,"$1,316.50 ",6.70%,"$228,014.00 ","$18,143.00 "
228,Arconic,"41,500",126,"$12,394.00 ",-45.00%,($941.00),-,"$20,038.00 ","$11,604.00 "
229,NRG Energy,"8,763",193,"$12,351.00 ",-15.80%,($774.00),-,"$30,355.00 ","$5,911.00 "
230,VF,"69,000",231,"$12,207.00 ",-1.40%,"$1,074.10 ",-12.80%,"$9,739.00 ","$22,786.00 "
231,Devon Energy,"3,545",216,"$12,197.00 ",-7.20%,"($3,302.00)",-,"$25,913.00 ","$21,886.00 "
232,D.R. Horton,"6,976",260,"$12,157.00 ",12.30%,$886.30 ,18.10%,"$11,559.00 ","$12,438.00 "
233,Bed Bath & Beyond,"62,000",238,"$12,104.00 ",1.90%,$841.50 ,-12.10%,"$6,499.00 ","$5,931.00 "
234,Consolidated Edison,"14,960",229,"$12,075.00 ",-3.80%,"$1,245.00 ",4.40%,"$48,255.00 ","$23,708.00 "
235,Edison International,"12,390",246,"$11,869.00 ",3.00%,"$1,311.00 ",28.50%,"$51,319.00 ","$25,938.00 "
236,Sherwin-Williams,"42,550",253,"$11,856.00 ",4.60%,"$1,132.70 ",7.50%,"$6,753.00 ","$28,891.00 "
237,NGL Energy Partners,"3,200",167,"$11,742.00 ",-30.10%,($198.90),-633.20%,"$5,560.00 ","$2,686.00 "
238,Dominion Resources,"16,200",243,"$11,737.00 ",0.50%,"$2,123.00 ",11.80%,"$71,610.00 ","$48,732.00 "
239,Ameriprise Financial,"13,195",232,"$11,735.00 ",-3.80%,"$1,314.00 ",-15.90%,"$139,821.00 ","$19,953.00 "
240,ADP,"57,000",248,"$11,668.00 ",1.70%,"$1,492.50 ",2.80%,"$43,670.00 ","$45,963.00 "
241,Hilton Worldwide Holdings,"169,000",254,"$11,663.00 ",3.50%,$348.00 ,-75.20%,"$26,211.00 ","$19,276.00 "
242,First Data,"24,000",249,"$11,584.00 ",1.20%,$420.00 ,-,"$40,292.00 ","$14,224.00 "
243,Henry Schein,"21,000",268,"$11,572.00 ",8.90%,$506.80 ,5.80%,"$6,730.00 ","$13,461.00 "
244,Toys ,"64,000",240,"$11,540.00 ",-2.20%,($36.00),-,"$6,908.00 ",-
245,BB&T Corp.,"37,500",273,"$11,538.00 ",11.50%,"$2,426.00 ",16.40%,"$219,276.00 ","$36,141.00 "
246,Reinsurance Group of America,"2,371",271,"$11,522.00 ",10.60%,$701.40 ,39.70%,"$53,098.00 ","$8,169.00 "
247,Core-Mark Holding,"7,688",317,"$11,507.00 ",29.90%,$54.20 ,5.20%,"$1,497.00 ","$1,445.00 "
248,Biogen,"7,400",263,"$11,449.00 ",6.40%,"$3,702.80 ",4.40%,"$22,877.00 ","$59,046.00 "
249,Las Vegas Sands,"49,000",241,"$11,410.00 ",-2.40%,"$1,670.00 ",-15.10%,"$20,469.00 ","$45,313.00 "
250,Stanley Black & Decker,"54,023",256,"$11,407.00 ",1.70%,$965.30 ,9.20%,"$15,635.00 ","$20,280.00 "
251,Parker-Hannifin,"48,950",224,"$11,361.00 ",-10.60%,$806.80 ,-20.30%,"$12,057.00 ","$21,370.00 "
252,Stryker,"33,000",287,"$11,325.00 ",13.90%,"$1,647.00 ",14.50%,"$20,435.00 ","$49,115.00 "
253,Estee Lauder,"46,000",261,"$11,262.00 ",4.50%,"$1,114.60 ",2.40%,"$9,223.00 ","$31,068.00 "
254,Celgene,"7,132",305,"$11,229.00 ",21.30%,"$1,999.20 ",24.80%,"$28,086.00 ","$96,802.00 "
255,BlackRock,"13,000",250,"$11,155.00 ",-2.20%,"$3,172.00 ",-5.20%,"$220,177.00 ","$62,225.00 "
256,Xcel Energy,"11,476",257,"$11,107.00 ",0.70%,"$1,123.40 ",14.10%,"$41,155.00 ","$22,546.00 "
257,CSX,"26,628",239,"$11,069.00 ",-6.30%,"$1,714.00 ",-12.90%,"$35,414.00 ","$43,126.00 "
258,Unum Group,"9,400",265,"$11,047.00 ",2.90%,$931.40 ,7.40%,"$61,942.00 ","$10,749.00 "
259,Jacobs Engineering Group,"49,350",235,"$10,964.00 ",-9.50%,$210.50 ,-30.50%,"$7,360.00 ","$6,693.00 "
260,Lennar,"8,335",301,"$10,950.00 ",15.60%,$911.80 ,13.60%,"$15,362.00 ","$12,002.00 "
261,Group 1 Automotive,"13,500",267,"$10,888.00 ",2.40%,$147.10 ,56.50%,"$4,462.00 ","$1,584.00 "
262,Leucadia National,"13,000",242,"$10,875.00 ",-6.90%,$130.00 ,-54.20%,"$45,071.00 ","$9,355.00 "
263,Entergy,"13,513",247,"$10,846.00 ",-5.80%,($583.60),-,"$45,904.00 ","$13,685.00 "
264,PayPal Holdings,"18,100",307,"$10,842.00 ",17.20%,"$1,401.00 ",14.10%,"$33,103.00 ","$51,650.00 "
265,Applied Materials,"16,150",295,"$10,825.00 ",12.10%,"$1,721.00 ",25.00%,"$14,588.00 ","$42,005.00 "
266,Voya Financial,"6,700",252,"$10,782.00 ",-4.90%,($428.00),-204.80%,"$214,235.00 ","$7,191.00 "
267,MasterCard,"11,900",294,"$10,776.00 ",11.50%,"$4,059.00 ",6.60%,"$18,675.00 ","$121,234.00 "
268,Priceline Group,"18,500",308,"$10,743.00 ",16.50%,"$2,135.00 ",-16.30%,"$19,839.00 ","$87,522.00 "
269,Liberty Interactive,"21,080",284,"$10,647.00 ",6.60%,"$1,235.00 ",42.10%,"$20,355.00 ","$9,101.00 "
270,AutoZone,"66,780",280,"$10,636.00 ",4.40%,"$1,241.00 ",7.00%,"$8,600.00 ","$20,540.00 "
271,State Street Corp.,"33,783",264,"$10,635.00 ",-1.20%,"$2,143.00 ",8.20%,"$242,698.00 ","$30,406.00 "
272,DTE Energy,"10,000",274,"$10,630.00 ",2.80%,$868.00 ,19.40%,"$32,041.00 ","$18,317.00 "
273,L-3 Communications,"38,000",245,"$10,597.00 ",-8.30%,$710.00 ,-,"$11,865.00 ","$12,859.00 "
274,HollyFrontier,"2,676",214,"$10,536.00 ",-20.40%,($260.50),-135.20%,"$9,436.00 ","$5,048.00 "
275,Praxair,"26,498",262,"$10,534.00 ",-2.20%,"$1,500.00 ",-3.00%,"$19,332.00 ","$33,834.00 "
276,Universal Health Services,"70,863",290,"$10,508.00 ",7.40%,$702.40 ,3.20%,"$10,318.00 ","$12,022.00 "
277,Discover Financial Services,"15,549",283,"$10,497.00 ",4.90%,"$2,393.00 ",4.20%,"$92,308.00 ","$26,255.00 "
278,Occidental Petroleum,"11,000",225,"$10,398.00 ",-18.10%,($574.00),-,"$43,109.00 ","$48,444.00 "
279,United States Steel,"29,800",244,"$10,261.00 ",-11.30%,($440.00),-,"$9,160.00 ","$5,893.00 "
280,Sempra Energy,"16,575",279,"$10,183.00 ",-0.50%,"$1,370.00 ",1.60%,"$47,786.00 ","$27,692.00 "
281,Baxter International,"48,000",286,"$10,163.00 ",2.00%,"$4,965.00 ",412.90%,"$15,546.00 ","$28,106.00 "
282,W.W. Grainger,"25,000",285,"$10,137.00 ",1.60%,$605.90 ,-21.20%,"$5,694.00 ","$13,668.00 "
283,Autoliv,"65,900",310,"$10,074.00 ",9.90%,$567.10 ,24.10%,"$8,234.00 ","$9,032.00 "
284,Norfolk Southern,"27,856",270,"$9,888.00 ",-5.90%,"$1,668.00 ",7.20%,"$34,892.00 ","$32,515.00 "
285,Baker Hughes,"33,000",178,"$9,841.00 ",-37.50%,"($2,738.00)",-,"$19,034.00 ","$25,444.00 "
286,Ally Financial,"7,600",298,"$9,835.00 ",3.10%,"$1,067.00 ",-17.20%,"$163,728.00 ","$9,437.00 "
287,Sonic Automotive,"9,800",297,"$9,732.00 ",1.10%,$93.20 ,8.00%,"$3,639.00 ",$900.00 
288,Owens & Minor,"7,900",291,"$9,723.00 ",-0.50%,$108.80 ,5.20%,"$2,718.00 ","$2,114.00 "
289,Huntsman,"15,000",277,"$9,657.00 ",-6.20%,$326.00 ,250.50%,"$9,189.00 ","$5,880.00 "
290,Laboratory Corp. of America,"52,000",325,"$9,642.00 ",11.10%,$732.10 ,67.60%,"$14,247.00 ","$14,696.00 "
291,Murphy USA,"6,600",258,"$9,633.00 ",-11.50%,$221.50 ,25.60%,"$2,089.00 ","$2,706.00 "
292,Advance Auto Parts,"57,500",293,"$9,568.00 ",-1.70%,$459.60 ,-2.90%,"$8,315.00 ","$10,944.00 "
293,Fidelity National Financial,"55,219",311,"$9,554.00 ",4.60%,$650.00 ,23.30%,"$14,463.00 ","$10,600.00 "
294,Air Products & Chemicals,"18,450",288,"$9,524.00 ",-3.70%,$631.10 ,-50.60%,"$18,055.00 ","$29,438.00 "
295,Hormel Foods,"21,100",304,"$9,523.00 ",2.80%,$890.10 ,29.70%,"$6,370.00 ","$18,316.00 "
296,Hertz Global Holdings,"36,000",269,"$9,480.00 ",-10.00%,($491.00),-279.90%,"$19,155.00 ","$1,456.00 "
297,MGM Resorts International,"66,500",309,"$9,455.00 ",2.90%,"$1,101.40 ",-,"$28,173.00 ","$15,733.00 "
298,Corning,"40,700",313,"$9,390.00 ",3.10%,"$3,695.00 ",176.00%,"$27,899.00 ","$25,030.00 "
299,Republic Services,"33,000",312,"$9,388.00 ",3.00%,$612.60 ,-18.30%,"$20,630.00 ","$21,312.00 "
300,Alcoa,"14,000",,"$9,318.00 ",-,($400.00),-,"$16,741.00 ","$6,337.00 "
301,Fidelity National Information Services,"55,000",392,"$9,241.00 ",40.10%,$568.00 ,-10.10%,"$26,031.00 ","$26,178.00 "
302,Pacific Life,"3,628",326,"$9,169.00 ",6.10%,$824.00 ,24.70%,"$143,298.00 ",-
303,SunTrust Banks,"24,375",329,"$9,161.00 ",7.40%,"$1,878.00 ",-2.80%,"$204,875.00 ","$27,175.00 "
304,LKQ,"42,500",369,"$9,082.00 ",26.30%,$464.00 ,9.60%,"$8,303.00 ","$9,021.00 "
305,BorgWarner,"27,000",339,"$9,071.00 ",13.10%,$118.50 ,-80.60%,"$8,835.00 ","$8,895.00 "
306,Ball,"18,450",341,"$9,061.00 ",13.30%,$263.00 ,-6.40%,"$16,173.00 ","$13,000.00 "
307,CST Brands,"12,380",299,"$9,061.00 ",-4.60%,$324.00 ,117.40%,"$4,360.00 ","$3,645.00 "
308,Public Service Enterprise Group,"13,065",272,"$9,061.00 ",-13.00%,$887.00 ,-47.20%,"$40,070.00 ","$22,451.00 "
309,Eastman Chemical,"14,000",296,"$9,008.00 ",-6.60%,$854.00 ,0.70%,"$15,457.00 ","$11,783.00 "
310,eBay,"12,600",300,"$8,979.00 ",-5.40%,"$7,266.00 ",321.20%,"$23,847.00 ","$36,232.00 "
311,Mohawk Industries,"37,800",338,"$8,959.00 ",11.00%,$930.40 ,51.20%,"$10,231.00 ","$17,025.00 "
312,Oneok,"2,384",348,"$8,921.00 ",14.90%,$352.00 ,43.70%,"$16,139.00 ","$11,684.00 "
313,Frontier Communications,"28,332",461,"$8,896.00 ",59.50%,($373.00),-,"$29,013.00 ","$2,521.00 "
314,Netflix,"3,850",379,"$8,831.00 ",30.30%,$186.70 ,52.20%,"$13,587.00 ","$63,619.00 "
315,American Family Insurance Group,"10,471",332,"$8,829.00 ",6.60%,$325.60 ,-53.10%,"$22,662.00 ",-
316,Thrivent Financial for Lutherans,"3,282",318,"$8,777.00 ",-0.10%,$587.80 ,-23.60%,"$88,561.00 ",-
317,Expedia,"20,075",385,"$8,774.00 ",31.50%,$281.80 ,-63.10%,"$15,778.00 ","$18,901.00 "
318,Lithia Motors,"11,170",346,"$8,678.00 ",10.30%,$197.10 ,7.70%,"$3,844.00 ","$2,156.00 "
319,Avis Budget Group,"25,600",330,"$8,659.00 ",1.80%,$163.00 ,-47.90%,"$17,643.00 ","$2,528.00 "
320,Reliance Steel & Aluminum,"14,500",303,"$8,613.00 ",-7.90%,$304.30 ,-2.30%,"$7,411.00 ","$5,830.00 "
321,GameStop,"41,750",302,"$8,608.00 ",-8.10%,$353.20 ,-12.30%,"$4,976.00 ","$2,282.00 "
322,Tenneco,"31,000",334,"$8,599.00 ",4.80%,$363.00 ,47.00%,"$4,342.00 ","$3,390.00 "
323,O,"58,397",342,"$8,593.00 ",7.90%,"$1,037.70 ",11.40%,"$7,204.00 ","$24,730.00 "
324,Peter Kiewit Sons,"20,000",314,"$8,573.00 ",-4.70%,$396.00 ,57.80%,"$6,179.00 ",-
325,United Natural Foods,"9,554",335,"$8,470.00 ",3.50%,$125.80 ,-9.30%,"$2,852.00 ","$2,187.00 "
326,salesforce.com,"25,000",386,"$8,392.00 ",25.90%,$179.60 ,-,"$17,585.00 ","$58,362.00 "
327,Boston Scientific,"27,000",359,"$8,386.00 ",12.20%,$347.00 ,-,"$18,096.00 ","$34,046.00 "
328,Newmont Mining,"12,438",349,"$8,379.00 ",8.40%,($627.00),-385.00%,"$21,031.00 ","$17,518.00 "
329,Genworth Financial,"3,400",306,"$8,369.00 ",-9.50%,($277.00),-,"$104,658.00 ","$2,056.00 "
330,Live Nation Entertainment,"11,500",366,"$8,355.00 ",15.30%,$2.90 ,-,"$6,764.00 ","$6,219.00 "
331,Veritiv,"8,700",323,"$8,327.00 ",-4.50%,$21.00 ,-21.30%,"$2,484.00 ",$813.00 
332,News Corp.,"24,000",327,"$8,319.00 ",-3.60%,$179.00 ,-,"$15,483.00 ","$7,559.00 "
333,Crown Holdings,"23,992",321,"$8,284.00 ",-5.50%,$496.00 ,26.20%,"$9,599.00 ","$7,367.00 "
334,Global Partners,"1,770",276,"$8,240.00 ",-20.10%,($199.40),-557.80%,"$2,564.00 ",$663.00 
335,PVH,"26,650",340,"$8,203.00 ",2.30%,$549.00 ,-4.10%,"$11,068.00 ","$8,092.00 "
336,Level 3 Communications,"12,600",333,"$8,172.00 ",-0.70%,$677.00 ,-80.30%,"$24,888.00 ","$20,638.00 "
337,Navistar International,"11,300",281,"$8,111.00 ",-20.00%,($97.00),-,"$5,653.00 ","$2,416.00 "
338,Univar,"8,700",315,"$8,074.00 ",-10.10%,($68.40),-514.50%,"$5,390.00 ","$4,293.00 "
339,Campbell Soup,"16,500",337,"$7,961.00 ",-1.50%,$563.00 ,-18.50%,"$7,837.00 ","$17,423.00 "
340,Dick,"27,550",365,"$7,922.00 ",9.00%,$287.40 ,-13.00%,"$4,058.00 ","$5,489.00 "
341,Weyerhaeuser,"10,400",373,"$7,902.00 ",11.60%,"$1,027.00 ",103.00%,"$19,243.00 ","$25,451.00 "
342,Mutual of Omaha Insurance,"5,732",367,"$7,899.00 ",9.20%,$356.60 ,7.10%,"$38,465.00 ",-
343,Chesapeake Energy,"3,300",223,"$7,872.00 ",-38.30%,"($4,401.00)",-,"$13,028.00 ","$5,394.00 "
344,Anadarko Petroleum,"4,500",324,"$7,869.00 ",-9.50%,"($3,071.00)",-,"$45,564.00 ","$34,640.00 "
345,Interpublic Group,"49,800",355,"$7,847.00 ",3.10%,$608.50 ,33.90%,"$12,485.00 ","$9,648.00 "
346,J.M. Smucker,"6,910",452,"$7,811.00 ",37.20%,$688.70 ,99.70%,"$15,984.00 ","$15,263.00 "
347,Steel Dynamics,"7,695",356,"$7,777.00 ",2.40%,$382.10 ,-,"$6,424.00 ","$8,425.00 "
348,Foot Locker,"32,965",361,"$7,766.00 ",4.80%,$664.00 ,22.70%,"$3,840.00 ","$9,818.00 "
349,Western Refining,"7,134",289,"$7,743.00 ",-20.90%,$124.90 ,-69.30%,"$5,560.00 ","$3,812.00 "
350,SpartanNash,"11,500",351,"$7,735.00 ",1.10%,$56.80 ,-9.40%,"$1,930.00 ","$1,313.00 "
351,Dean Foods,"17,000",336,"$7,710.00 ",-5.10%,$119.90 ,-,"$2,606.00 ","$1,786.00 "
352,Zimmer Biomet Holdings,"18,500",431,"$7,684.00 ",28.10%,$305.90 ,108.10%,"$26,684.00 ","$24,571.00 "
353,PulteGroup,"4,623",433,"$7,669.00 ",28.20%,$602.70 ,22.00%,"$10,178.00 ","$7,466.00 "
354,W.R. Berkley,"7,608",368,"$7,654.00 ",6.20%,$601.90 ,19.50%,"$23,365.00 ","$8,561.00 "
355,Quanta Services,"28,100",352,"$7,651.00 ",0.20%,$198.40 ,-36.20%,"$5,354.00 ","$5,386.00 "
356,EOG Resources,"2,650",322,"$7,651.00 ",-12.60%,"($1,096.70)",-,"$29,459.00 ","$56,302.00 "
357,Charles Schwab,"16,200",401,"$7,644.00 ",17.60%,"$1,889.00 ",30.50%,"$223,383.00 ","$54,555.00 "
358,Eversource Energy,"7,762",343,"$7,639.00 ",-4.00%,$942.30 ,7.30%,"$32,053.00 ","$18,627.00 "
359,Anixter International,"8,900",391,"$7,625.00 ",15.60%,$120.50 ,-5.60%,"$4,094.00 ","$2,626.00 "
360,EMCOR Group,"31,000",381,"$7,552.00 ",12.30%,$181.90 ,5.60%,"$3,894.00 ","$3,756.00 "
361,Assurant,"14,700",275,"$7,532.00 ",-27.10%,$565.40 ,299.40%,"$29,709.00 ","$5,298.00 "
362,CenterPoint Energy,"7,727",363,"$7,528.00 ",1.90%,$432.00 ,-,"$21,829.00 ","$11,882.00 "
363,Harris,"21,000",505,"$7,527.00 ",48.10%,$324.00 ,-3.00%,"$11,996.00 ","$13,849.00 "
364,HD Supply Holdings,"14,000",320,"$7,524.00 ",-14.30%,$196.00 ,-86.70%,"$5,707.00 ","$8,296.00 "
365,PPL,"12,689",350,"$7,517.00 ",-2.00%,"$1,902.00 ",178.90%,"$38,315.00 ","$25,448.00 "
366,Quest Diagnostics,"43,000",358,"$7,515.00 ",0.30%,$645.00 ,-9.00%,"$10,100.00 ","$13,501.00 "
367,Williams,"5,604",364,"$7,499.00 ",1.90%,($424.00),-,"$46,835.00 ","$24,436.00 "
368,WEC Energy Group,"8,074",437,"$7,472.00 ",26.10%,$939.00 ,47.10%,"$30,123.00 ","$19,134.00 "
369,Hershey,"17,140",362,"$7,440.00 ",0.70%,$720.00 ,40.40%,"$5,524.00 ","$23,236.00 "
370,AGCO,"19,795",360,"$7,411.00 ",-0.80%,$160.10 ,-39.90%,"$7,168.00 ","$4,783.00 "
371,Ralph Lauren,"20,500",354,"$7,405.00 ",-2.80%,$396.00 ,-43.60%,"$6,213.00 ","$6,710.00 "
372,Masco,"26,000",345,"$7,357.00 ",-6.90%,$491.00 ,38.30%,"$5,137.00 ","$10,888.00 "
373,WESCO International,"9,000",357,"$7,336.00 ",-2.40%,$101.60 ,-51.80%,"$4,491.00 ","$3,389.00 "
374,LifePoint Health,"47,000",430,"$7,274.00 ",20.90%,$121.90 ,-33.00%,"$6,319.00 ","$2,616.00 "
375,National Oilwell Varco,"36,384",192,"$7,251.00 ",-50.90%,"($2,412.00)",-,"$21,140.00 ","$15,183.00 "
376,Kindred Healthcare,"76,650",372,"$7,227.00 ",1.80%,($664.20),-,"$6,113.00 ",$711.00 
377,Mosaic,"8,700",316,"$7,163.00 ",-19.50%,$297.80 ,-70.20%,"$16,841.00 ","$10,242.00 "
378,Alliance Data Systems,"17,000",404,"$7,138.00 ",10.80%,$515.80 ,-13.50%,"$25,514.00 ","$13,925.00 "
379,Computer Sciences,"59,000",233,"$7,106.00 ",-41.70%,$251.00 ,-,"$7,736.00 ","$9,746.00 "
380,Huntington Ingalls Industries,"37,000",378,"$7,068.00 ",0.70%,$573.00 ,41.80%,"$6,352.00 ","$9,265.00 "
381,Leidos Holdings,"32,000",504,"$7,043.00 ",38.50%,$244.00 ,-3.90%,"$9,132.00 ","$7,696.00 "
382,Erie Insurance Group,"4,988",411,"$7,016.00 ",5.70%,$741.90 ,10.70%,"$18,417.00 ",-
383,Tesla,"30,025",588,"$7,000.00 ",73.00%,($674.90),-,"$22,664.00 ","$45,390.00 "
384,Ascena Retail Group,"41,000",523,"$6,995.00 ",45.60%,($11.90),-,"$5,506.00 ",$830.00 
385,Darden Restaurants,"150,942",371,"$6,934.00 ",-3.20%,$375.00 ,-47.10%,"$4,583.00 ","$10,389.00 "
386,Harman International Industries,"26,000",419,"$6,912.00 ",12.30%,$361.70 ,5.60%,"$6,054.00 ",-
387,Nvidia,"10,299",508,"$6,910.00 ",37.90%,"$1,666.00 ",171.30%,"$9,841.00 ","$64,160.00 "
388,R.R. Donnelley & Sons,"44,360",255,"$6,896.00 ",-38.70%,($495.90),-428.20%,"$4,285.00 ",$846.00 
389,Fifth Third Bancorp,"17,844",376,"$6,889.00 ",-2.00%,"$1,564.00 ",-8.60%,"$142,177.00 ","$19,066.00 "
390,Quintiles Transnational Holdings,"50,000",447,"$6,878.00 ",19.90%,$115.00 ,-70.30%,"$21,208.00 ","$18,999.00 "
391,Jones Lang LaSalle,"77,300",436,"$6,804.00 ",14.00%,$318.20 ,-27.50%,"$7,629.00 ","$5,043.00 "
392,Dover,"29,000",377,"$6,794.00 ",-3.30%,$508.90 ,-41.50%,"$10,116.00 ","$12,502.00 "
393,Spirit AeroSystems Holdings,"14,400",389,"$6,793.00 ",2.20%,$469.70 ,-40.40%,"$5,405.00 ","$6,900.00 "
394,Ryder System,"34,500",395,"$6,787.00 ",3.30%,$262.50 ,-13.90%,"$10,903.00 ","$3,992.00 "
395,A-Mark Precious Metals,"83,000",426,"$6,784.00 ",11.80%,$9.30 ,31.50%,$437.00 ,$120.00 
396,Tractor Supply,"19,500",415,"$6,780.00 ",8.90%,$437.10 ,6.50%,"$2,675.00 ","$8,960.00 "
397,Sealed Air,"23,000",375,"$6,778.00 ",-3.60%,$486.40 ,45.00%,"$7,389.00 ","$8,432.00 "
398,Auto-Owners Insurance,"4,737",398,"$6,775.00 ",4.00%,$706.30 ,-13.40%,"$21,571.00 ",-
399,Yum China Holdings,"420,000",,"$6,752.00 ",-,$502.00 ,-,"$3,727.00 ","$10,453.00 "
400,Calpine,"2,372",402,"$6,716.00 ",3.80%,$92.00 ,-60.90%,"$19,317.00 ","$3,989.00 "
401,Owens-Illinois,"27,000",418,"$6,702.00 ",8.90%,$209.00 ,54.80%,"$9,135.00 ","$3,316.00 "
402,Targa Resources,"1,970",387,"$6,691.00 ",0.50%,($187.30),-421.30%,"$12,871.00 ","$11,743.00 "
403,JetBlue Airways,"15,986",405,"$6,632.00 ",3.40%,$759.00 ,12.10%,"$9,487.00 ","$6,875.00 "
404,Jones Financial,"43,000",382,"$6,632.00 ",-0.90%,$746.00 ,-11.00%,"$19,424.00 ",-
405,Franklin Resources,"9,059",344,"$6,618.00 ",-16.70%,"$1,726.70 ",-15.20%,"$16,099.00 ","$23,823.00 "
406,Activision Blizzard,"9,500",532,"$6,608.00 ",41.70%,$966.00 ,8.30%,"$17,452.00 ","$37,487.00 "
407,J.B. Hunt Transport Services,"22,190",416,"$6,556.00 ",5.90%,$432.10 ,1.10%,"$3,829.00 ","$10,212.00 "
408,Constellation Brands,"9,000",429,"$6,548.00 ",8.60%,"$1,054.90 ",25.70%,"$16,965.00 ","$31,775.00 "
409,NCR,"33,500",409,"$6,543.00 ",2.70%,$270.00 ,-,"$7,673.00 ","$5,620.00 "
410,Asbury Automotive Group,"7,900",393,"$6,528.00 ",-0.90%,$167.20 ,-1.20%,"$2,336.00 ","$1,271.00 "
411,American Financial Group,"7,600",421,"$6,498.00 ",5.70%,$649.00 ,84.40%,"$55,072.00 ","$8,303.00 "
412,Discovery Communications,"7,000",406,"$6,497.00 ",1.60%,"$1,194.00 ",15.50%,"$15,758.00 ","$11,306.00 "
413,Berry Global Group,"21,000",518,"$6,489.00 ",32.90%,$236.00 ,174.40%,"$7,653.00 ","$6,256.00 "
414,Sanmina,"40,178",408,"$6,481.00 ",1.70%,$187.80 ,-50.20%,"$3,625.00 ","$3,016.00 "
415,CalAtlantic Group,"3,055",640,"$6,477.00 ",83.00%,$484.70 ,127.00%,"$8,709.00 ","$4,291.00 "
416,Dr Pepper Snapple Group,"20,000",413,"$6,440.00 ",2.50%,$847.00 ,10.90%,"$9,791.00 ","$17,997.00 "
417,Dillard,"30,800",380,"$6,418.00 ",-5.00%,$169.20 ,-37.20%,"$3,888.00 ","$1,645.00 "
418,HRG Group,"16,021",441,"$6,403.00 ",10.10%,($198.80),-,"$35,793.00 ","$3,869.00 "
419,CMS Energy,"7,750",403,"$6,399.00 ",-0.90%,$551.00 ,5.40%,"$21,622.00 ","$12,528.00 "
420,Graybar Electric,"8,500",423,"$6,385.00 ",4.50%,$93.10 ,2.20%,"$2,099.00 ",-
421,Builders FirstSource,"14,000",637,"$6,367.00 ",78.60%,$144.30 ,-,"$2,910.00 ","$1,669.00 "
422,Yum Brands,"90,000",218,"$6,366.00 ",-51.40%,"$1,619.00 ",25.20%,"$5,478.00 ","$22,611.00 "
423,Casey,"24,724",374,"$6,304.00 ",-10.60%,$226.00 ,25.10%,"$2,726.00 ","$4,400.00 "
424,Amphenol,"62,000",462,"$6,286.00 ",12.90%,$822.90 ,7.80%,"$8,499.00 ","$21,897.00 "
425,Oshkosh,"13,800",424,"$6,279.00 ",3.00%,$216.40 ,-5.70%,"$4,514.00 ","$5,118.00 "
426,iHeartMedia,"18,700",414,"$6,274.00 ",0.50%,($296.30),-,"$12,862.00 ",$330.00 
427,TreeHouse Foods,"16,027",686,"$6,175.00 ",92.60%,($228.60),-298.90%,"$6,546.00 ","$4,813.00 "
428,Alleghany,"3,420",509,"$6,131.00 ",22.60%,$456.90 ,-18.50%,"$23,757.00 ","$9,476.00 "
429,Expeditors International of Washington,"16,000",390,"$6,098.00 ",-7.80%,$430.80 ,-5.80%,"$2,791.00 ","$10,208.00 "
430,Avery Dennison,"25,000",435,"$6,087.00 ",2.00%,$320.70 ,16.90%,"$4,396.00 ","$7,157.00 "
431,Ameren,"8,629",425,"$6,076.00 ",-0.40%,$653.00 ,3.70%,"$24,699.00 ","$13,245.00 "
432,Hanesbrands,"67,800",448,"$6,063.00 ",5.80%,$539.40 ,25.80%,"$6,908.00 ","$7,733.00 "
433,Motorola Solutions,"14,000",451,"$6,038.00 ",6.00%,$560.00 ,-8.20%,"$8,463.00 ","$14,131.00 "
434,St. Jude Medical,"18,000",465,"$6,004.00 ",8.40%,$734.00 ,-16.60%,"$12,578.00 ",-
435,Harley-Davidson,"6,000",432,"$5,997.00 ",-,$692.20 ,-8.00%,"$9,890.00 ","$10,626.00 "
436,Regions Financial,"22,166",453,"$5,967.00 ",5.20%,"$1,163.00 ",9.50%,"$125,968.00 ","$17,512.00 "
437,Intercontinental Exchange,"5,631",529,"$5,958.00 ",27.30%,"$1,422.00 ",11.60%,"$82,003.00 ","$35,530.00 "
438,Alaska Air Group,"19,112",459,"$5,931.00 ",5.90%,$814.00 ,-4.00%,"$9,962.00 ","$11,407.00 "
439,Old Republic International,"8,500",442,"$5,901.00 ",2.30%,$466.90 ,10.60%,"$18,592.00 ","$5,382.00 "
440,Lam Research,"7,500",491,"$5,886.00 ",11.90%,$914.00 ,39.40%,"$12,272.00 ","$20,903.00 "
441,AK Steel Holding,"8,500",383,"$5,883.00 ",-12.10%,($7.80),-,"$4,036.00 ","$2,263.00 "
442,Rockwell Automation,"22,000",412,"$5,880.00 ",-6.80%,$729.70 ,-11.80%,"$7,101.00 ","$20,024.00 "
443,Adobe Systems,"15,706",524,"$5,854.00 ",22.10%,"$1,168.80 ",85.70%,"$12,707.00 ","$64,375.00 "
444,Avon Products,"26,400",370,"$5,853.00 ",-18.40%,($107.60),-,"$3,419.00 ","$1,933.00 "
445,Terex,"18,100",396,"$5,841.00 ",-10.70%,($176.10),-220.70%,"$5,007.00 ","$3,250.00 "
446,NVR,"4,900",498,"$5,835.00 ",12.90%,$425.30 ,11.10%,"$2,644.00 ","$7,851.00 "
447,Dana Holding,"24,900",428,"$5,826.00 ",-3.90%,$640.00 ,302.50%,"$4,860.00 ","$2,783.00 "
448,Realogy Holdings,"11,800",449,"$5,810.00 ",1.80%,$213.00 ,15.80%,"$7,421.00 ","$4,173.00 "
449,American Tower,"4,507",526,"$5,786.00 ",21.30%,$956.40 ,39.60%,"$30,879.00 ","$51,921.00 "
450,Packaging Corp. of America,"14,000",446,"$5,779.00 ",0.60%,$449.60 ,2.90%,"$5,777.00 ","$8,631.00 "
451,Citizens Financial Group,"17,600",486,"$5,763.00 ",9.20%,"$1,045.00 ",24.40%,"$149,520.00 ","$17,597.00 "
452,United Rentals,"12,500",440,"$5,762.00 ",-0.90%,$566.00 ,-3.20%,"$11,988.00 ","$10,561.00 "
453,Clorox,"8,000",455,"$5,761.00 ",1.70%,$648.00 ,11.70%,"$4,518.00 ","$17,294.00 "
454,Genesis Healthcare,"82,000",457,"$5,733.00 ",2.00%,($64.00),-,"$5,779.00 ",$408.00 
455,M&T Bank Corp.,"16,487",510,"$5,722.00 ",14.50%,"$1,315.10 ",21.80%,"$123,449.00 ","$23,792.00 "
456,Ingredion,"11,000",456,"$5,704.00 ",1.50%,$484.90 ,20.60%,"$5,782.00 ","$8,646.00 "
457,UGI,"13,105",384,"$5,686.00 ",-15.00%,$364.70 ,29.80%,"$10,847.00 ","$8,543.00 "
458,Owens Corning,"16,000",480,"$5,677.00 ",6.10%,$393.00 ,19.10%,"$7,741.00 ","$6,910.00 "
459,S&P Global,"20,000",481,"$5,661.00 ",6.60%,"$2,106.00 ",82.20%,"$8,669.00 ","$33,805.00 "
460,Markel,"10,900",476,"$5,612.00 ",4.50%,$455.70 ,-21.80%,"$25,875.00 ","$13,623.00 "
461,Wyndham Worldwide,"37,800",466,"$5,599.00 ",1.10%,$611.00 ,-0.20%,"$9,819.00 ","$8,829.00 "
462,Arthur J. Gallagher,"24,790",471,"$5,595.00 ",3.80%,$414.40 ,16.10%,"$11,490.00 ","$10,148.00 "
463,Burlington Stores,"40,000",500,"$5,591.00 ",9.00%,$215.90 ,43.50%,"$2,575.00 ","$6,836.00 "
464,First American Financial,"19,531",497,"$5,576.00 ",7.70%,$343.00 ,19.10%,"$8,832.00 ","$4,332.00 "
465,Symantec,"11,000",400,"$5,568.00 ",-14.40%,"$2,488.00 ",183.40%,"$11,767.00 ","$18,986.00 "
466,Patterson,"7,000",559,"$5,555.00 ",27.00%,$187.20 ,-16.20%,"$3,521.00 ","$4,393.00 "
467,Olin,"6,400",761,"$5,551.00 ",94.50%,($3.90),-,"$8,763.00 ","$5,444.00 "
468,NetApp,"12,030",422,"$5,546.00 ",-9.40%,$229.00 ,-59.10%,"$10,037.00 ","$11,339.00 "
469,Raymond James Financial,"11,900",482,"$5,520.00 ",4.00%,$529.40 ,5.40%,"$31,594.00 ","$10,958.00 "
470,TravelCenters of America,"20,259",439,"$5,511.00 ",-5.80%,($2.00),-107.30%,"$1,660.00 ",$241.00 
471,Fiserv,"23,000",492,"$5,505.00 ",4.80%,$930.00 ,30.60%,"$9,743.00 ","$24,741.00 "
472,Host Hotels & Resorts,"220,000",472,"$5,488.00 ",1.90%,$762.00 ,36.60%,"$11,408.00 ","$13,794.00 "
473,Insight Enterprises,"5,930",474,"$5,486.00 ",2.10%,$84.70 ,11.70%,"$2,219.00 ","$1,458.00 "
474,Mattel,"32,000",450,"$5,457.00 ",-4.30%,$318.00 ,-13.90%,"$6,494.00 ","$8,770.00 "
475,AmTrust Financial Services,"8,000",531,"$5,451.00 ",18.10%,$411.00 ,-8.80%,"$22,615.00 ","$3,158.00 "
476,Cincinnati Financial,"4,754",499,"$5,449.00 ",6.00%,$590.70 ,-6.80%,"$20,386.00 ","$11,911.00 "
477,Simon Property Group,"4,050",488,"$5,435.00 ",3.20%,"$1,838.90 ",0.60%,"$31,104.00 ","$53,732.00 "
478,Western Union,"10,700",468,"$5,423.00 ",-1.10%,$253.20 ,-69.80%,"$9,420.00 ","$9,691.00 "
479,KeyCorp,"15,700",540,"$5,422.00 ",19.40%,$791.00 ,-13.60%,"$136,453.00 ","$19,238.00 "
480,Delek US Holdings,"1,326",445,"$5,414.00 ",-6.00%,($153.70),-892.30%,"$2,985.00 ","$1,504.00 "
481,Booz Allen Hamilton Holding,"22,600",487,"$5,406.00 ",2.50%,$294.10 ,26.50%,"$3,010.00 ","$5,307.00 "
482,Chemours,"7,000",,"$5,400.00 ",-,$7.00 ,-,"$6,060.00 ","$7,080.00 "
483,Western & Southern Financial Group,"2,178",479,"$5,398.00 ",0.80%,$241.20 ,-47.20%,"$43,831.00 ",-
484,Celanese,"7,293",453,"$5,389.00 ",-5.00%,$900.00 ,196.10%,"$8,357.00 ","$12,643.00 "
485,Windstream Holdings,"11,870",443,"$5,387.00 ",-6.60%,($383.50),-,"$11,770.00 ","$1,038.00 "
486,Seaboard,"11,781",460,"$5,379.00 ",-3.80%,$312.00 ,82.50%,"$4,755.00 ","$4,881.00 "
487,Essendant,"6,600",477,"$5,369.00 ",0.10%,$63.90 ,-,"$2,164.00 ",$568.00 
488,Apache,"3,727",388,"$5,354.00 ",-19.50%,"($1,405.00)",-,"$22,519.00 ","$19,547.00 "
489,Airgas,"17,000",484,"$5,314.00 ",0.20%,$337.50 ,-8.30%,"$6,135.00 ",-
490,Kelly Services,"7,500",467,"$5,277.00 ",-4.40%,$120.80 ,124.50%,"$2,028.00 ",$836.00 
491,Liberty Media,"3,626",525,"$5,276.00 ",10.00%,$680.00 ,962.50%,"$31,377.00 ","$13,055.00 "
492,Rockwell Collins,"19,000",490,"$5,259.00 ",-0.10%,$728.00 ,6.10%,"$7,707.00 ","$12,711.00 "
493,Robert Half International,"16,400",503,"$5,250.00 ",3.10%,$343.40 ,-4.00%,"$1,778.00 ","$6,240.00 "
494,CH2M Hill,"20,000",478,"$5,236.00 ",-2.30%,$15.00 ,-81.30%,"$2,671.00 ",-
495,Big Lots,"23,150",495,"$5,200.00 ",0.20%,$152.80 ,7.00%,"$1,608.00 ","$2,180.00 "
496,Michaels Cos.,"31,000",517,"$5,197.00 ",5.80%,$378.20 ,4.20%,"$2,148.00 ","$4,229.00 "
497,Toll Brothers,"4,200",576,"$5,170.00 ",23.90%,$382.10 ,5.20%,"$9,737.00 ","$5,872.00 "
498,Yahoo,"8,500",513,"$5,169.00 ",4.00%,($214.30),-,"$48,083.00 ","$44,391.00 "
499,Vistra Energy,"4,431",,"$5,164.00 ",-,-,-,"$15,167.00 ","$6,968.00 "
500,ABM Industries,"110,000",485,"$5,145.00 ",-2.80%,$57.20 ,-25.00%,"$2,281.00 ","$2,428.00 "